[{"weather":"Пасмурно","temperature":"+12°","pressure":"751","wind":"северо-западный","humidity":"44%"},{"weather":"Незначительная облачность","temperature":"+10°","pressure":"754","wind":"северо-западный","humidity":"38%"},{"weather":"Частично облачно","temperature":"+9°","pressure":"758","wind":"северо-западный","humidity":"39%"},{"weather":"Незначительная облачность","temperature":"+12°","pressure":"759","wind":"северный","humidity":"40%"},{"weather":"Преимущественно облачно","temperature":"+12°","pressure":"758","wind":"северный","humidity":"46%"},{"weather":"Преимущественно облачно","temperature":"+14°","pressure":"756","wind":"северо-западный","humidity":"39%"},{"weather":"Слабый дождь","temperature":"+15°","pressure":"757","wind":"северный","humidity":"36%"}]